<?xml version="1.0" encoding="UTF-8"?>
<!DOCTYPE hibernate-configuration SYSTEM 
"http://www.hibernate.org/dtd/hibernate-configuration-3.0.dtd">

<hibernate-configuration>
<session-factory>
		<property name = "hibernate.dialect">
         org.hibernate.dialect.MySQL5Dialect
      </property>

      <property name = "hibernate.connection.driver_class">
         com.mysql.cj.jdbc.Driver
      </property>
   
      <property name = "hibernate.connection.url">
         jdbc:mysql://localhost:3307/PRIYANEWDB
      </property>
      
      <property name = "hibernate.connection.username">
         root
      </property>
      
      <property name = "hibernate.connection.password">
         root
      </property>

  	  <property name="show_sql">
  	      true
  	  </property>
  		
   	<property name="hbm2ddl.auto">
   		update
   	</property>
   	
   	<mapping resource="person.hbm.xml"/>   
</session-factory>
</hibernate-configuration>