<?xml version="1.0" encoding="UTF-8"?>
<!DOCTYPE hibernate-mapping PUBLIC 
"-//Hibernate/Hibernate Mapping DTD//EN"
"http://www.hibernate.org/dtd/hibernate-mapping-3.0.dtd">

<hibernate-mapping>
 
 <class name="com.hibernate.entities.Person" table="personinfo" >  
    <id name="personid"> <!-- Primary key -->  
     <generator class="assigned"/>  
    </id>
    
    <property name="personName" column="pname"/>  
    <property name="email" />
    <property name="phoneno" />
  </class>
  
</hibernate-mapping>